,Unnamed: 0,Unnamed: 0.1,date,high,low,open,close,volume,adjclose,formatted_date,Ticker,Company,compound,predictclose_15,realclose_15
744.0,3915,3915,1596634200,252.2700042724609,247.7700042724609,250.19000244140625,249.1199951171875,13050100,249.1199951171875,2020-08-05,FB,Facebook,0,247.76945,303.9100036621094
745.0,3916,3916,1596720600,266.6000061035156,248.6699981689453,249.0399932861328,265.2799987792969,45241600,265.2799987792969,2020-08-06,FB,Facebook,0,250.15321,293.2200012207031
746.0,3917,3917,1596807000,278.8900146484375,263.42999267578125,264.0799865722656,268.44000244140625,72766400,268.44000244140625,2020-08-07,FB,Facebook,0,253.2828,293.6600036621094
747.0,3918,3918,1597066200,273.8599853515625,259.69000244140625,268.0400085449219,263.0,30248800,263.0,2020-08-10,FB,Facebook,0,256.644,293.20001220703125
748.0,3919,3919,1597152600,265.9200134277344,255.1300048828125,260.19000244140625,256.1300048828125,28238300,256.1300048828125,2020-08-11,FB,Facebook,0,259.4655,295.44000244140625
749.0,3920,3920,1597239000,263.8999938964844,258.1099853515625,258.9700012207031,259.8900146484375,21415700,259.8900146484375,2020-08-12,FB,Facebook,0,261.8334,302.5
750.0,3921,3921,1597325400,265.1600036621094,259.57000732421875,261.54998779296875,261.29998779296875,17374000,261.29998779296875,2020-08-13,FB,Facebook,0,263.85928,291.1199951171875
751.0,3922,3922,1597411800,262.6499938964844,258.67999267578125,262.3099975585937,261.239990234375,14792700,261.239990234375,2020-08-14,FB,Facebook,0,265.5395,282.7300109863281
752.0,3923,3923,1597671000,264.1000061035156,259.3999938964844,262.5,261.1600036621094,13351100,261.1600036621094,2020-08-17,FB,Facebook,0,266.87744,271.1600036621094
753.0,3924,3924,1597757400,265.1499938964844,259.260009765625,260.95001220703125,262.3399963378906,18690400,262.3399963378906,2020-08-18,FB,Facebook,0,267.8929,273.7200012207031
754.0,3925,3925,1597843800,267.9100036621094,261.3500061035156,261.3900146484375,262.5899963378906,23291500,262.5899963378906,2020-08-19,FB,Facebook,0,268.64267,268.0899963378906
755.0,3926,3926,1597930200,269.6300048828125,261.4599914550781,261.5,269.010009765625,20299700,269.010009765625,2020-08-20,FB,Facebook,0,269.40244,266.6099853515625
756.0,3927,3927,1598016600,270.489990234375,266.4200134277344,268.69000244140625,267.010009765625,15538600,267.010009765625,2020-08-21,FB,Facebook,0,270.25528,266.1499938964844
757.0,3928,3928,1598275800,277.25,268.7699890136719,271.07000732421875,271.3900146484375,23685600,271.3900146484375,2020-08-24,FB,Facebook,0,271.3512,272.4200134277344
758.0,3929,3929,1598362200,283.0899963378906,270.260009765625,272.4100036621094,280.82000732421875,42127200,280.82000732421875,2020-08-25,FB,Facebook,0,272.9296,263.5199890136719
759.0,3930,3930,1598448600,304.6700134277344,284.0,284.0,303.9100036621094,69015200,303.9100036621094,2020-08-26,FB,Facebook,0,275.9303,254.82000732421875
760.0,3931,3931,1598535000,301.2300109863281,292.0199890136719,300.1600036621094,293.2200012207031,30301300,293.2200012207031,2020-08-27,FB,Facebook,0,279.79123,252.52999877929688
761.0,3932,3932,1598621400,297.2300109863281,290.9800109863281,295.0,293.6600036621094,17157400,293.6600036621094,2020-08-28,FB,Facebook,0,283.86322,248.1499938964844
762.0,3933,3933,1598880600,296.8800048828125,291.54998779296875,293.95001220703125,293.20001220703125,17345100,293.20001220703125,2020-08-31,FB,Facebook,0,287.7589,254.75
763.0,3934,3934,1598967000,301.489990234375,292.7099914550781,294.7099914550781,295.44000244140625,17295900,295.44000244140625,2020-09-01,FB,Facebook,0,291.37704,249.0200042724609
764.0,3935,3935,1599053400,303.6000061035156,293.04998779296875,298.8800048828125,302.5,24341400,302.5,2020-09-02,FB,Facebook,0,294.9497,249.52999877929688
765.0,3936,3936,1599139800,297.6000061035156,283.6300048828125,295.989990234375,291.1199951171875,32294100,291.1199951171875,2020-09-03,FB,Facebook,0,297.74124,254.82000732421875
766.0,3937,3937,1599226200,289.0,271.1400146484375,287.25,282.7300109863281,30333700,282.7300109863281,2020-09-04,FB,Facebook,0,299.2432,256.82000732421875
767.0,3938,3938,1599571800,279.29998779296875,269.4200134277344,271.2799987792969,271.1600036621094,24864000,271.1600036621094,2020-09-08,FB,Facebook,0,298.8551,261.7900085449219
768.0,3939,3939,1599658200,278.4800109863281,271.3500061035156,275.7699890136719,273.7200012207031,22918800,273.7200012207031,2020-09-09,FB,Facebook,0,297.4267,261.8999938964844
769.0,3940,3940,1599744600,279.1600036621094,267.0299987792969,275.510009765625,268.0899963378906,24814700,268.0899963378906,2020-09-10,FB,Facebook,0,295.1588,266.6300048828125
770.0,3941,3941,1599831000,271.3900146484375,262.6400146484375,270.0599975585937,266.6099853515625,18913900,266.6099853515625,2020-09-11,FB,Facebook,0,292.25208,259.94000244140625
771.0,3942,3942,1600090200,276.6400146484375,265.70001220703125,270.95001220703125,266.1499938964844,24093800,266.1499938964844,2020-09-14,FB,Facebook,0,289.1047,264.6499938964844
772.0,3943,3943,1600176600,274.5199890136719,269.29998779296875,270.6700134277344,272.4200134277344,18478500,272.4200134277344,2020-09-15,FB,Facebook,0,286.21912,258.6600036621094
773.0,3944,3944,1600263000,272.44000244140625,261.7900085449219,267.2900085449219,263.5199890136719,29183400,263.5199890136719,2020-09-16,FB,Facebook,0,283.2652,258.1199951171875
774.0,3945,3945,1600349400,261.5,250.19000244140625,258.2799987792969,254.82000732421875,31281400,254.82000732421875,2020-09-17,FB,Facebook,0,279.8686,263.760009765625
775.0,3946,3946,1600435800,259.20001220703125,250.0500030517578,258.3999938964844,252.52999877929688,28130800,252.52999877929688,2020-09-18,FB,Facebook,0,276.3018,264.45001220703125
776.0,3947,3947,1600695000,249.9499969482422,244.1300048828125,247.5399932861328,248.1499938964844,24709400,248.1499938964844,2020-09-21,FB,Facebook,0,272.36642,275.75
777.0,3948,3948,1600781400,255.32000732421875,248.22000122070312,253.3099975585937,254.75,30293100,254.75,2020-09-22,FB,Facebook,0,268.83823,276.1400146484375
778.0,3949,3949,1600867800,257.989990234375,248.1499938964844,255.259994506836,249.0200042724609,19641300,249.0200042724609,2020-09-23,FB,Facebook,0,265.65985,271.82000732421875
779.0,3950,3950,1600954200,252.2400054931641,245.6199951171875,246.5,249.52999877929688,20006800,249.52999877929688,2020-09-24,FB,Facebook,0,262.6945,266.7200012207031
780.0,3951,3951,1601040600,255.75,246.6100006103516,249.3999938964844,254.82000732421875,18351300,254.82000732421875,2020-09-25,FB,Facebook,0,260.34033,265.92999267578125
781.0,3952,3952,1601299800,259.6000061035156,254.82000732421875,259.3999938964844,256.82000732421875,18826300,256.82000732421875,2020-09-28,FB,Facebook,0,258.91946,261.3999938964844
782.0,3953,3953,1601386200,263.3299865722656,256.8999938964844,257.8099975585937,261.7900085449219,20200200,261.7900085449219,2020-09-29,FB,Facebook,0,258.37268,267.5599975585937
783.0,3954,3954,1601472600,266.0799865722656,260.1000061035156,261.9800109863281,261.8999938964844,20142500,261.8999938964844,2020-09-30,FB,Facebook,0,258.58627,278.7300109863281
784.0,3955,3955,1601559000,268.3299865722656,264.79998779296875,265.3500061035156,266.6300048828125,20009800,266.6300048828125,2020-10-01,FB,Facebook,0,259.5826,278.1199951171875
785.0,3956,3956,1601645400,265.1499938964844,259.17999267578125,261.2099914550781,259.94000244140625,16367600,259.94000244140625,2020-10-02,FB,Facebook,0,260.68475,284.7900085449219
786.0,3957,3957,1601904600,264.8699951171875,260.8399963378906,262.20001220703125,264.6499938964844,12822300,264.6499938964844,2020-10-05,FB,Facebook,0,261.9918,277.1099853515625
787.0,3958,3958,1601991000,265.69000244140625,258.239990234375,261.7799987792969,258.6600036621094,18696900,258.6600036621094,2020-10-06,FB,Facebook,0,263.12054,283.2900085449219
788.0,3959,3959,1602077400,260.17999267578125,254.82000732421875,259.2099914550781,258.1199951171875,23133400,258.1199951171875,2020-10-07,FB,Facebook,0,263.96313,267.6700134277344
789.0,3960,3960,1602163800,264.6199951171875,259.1499938964844,259.75,263.760009765625,16312800,263.760009765625,2020-10-08,FB,Facebook,0,264.7814,280.8299865722656
790.0,3961,3961,1602250200,264.75,262.1700134277344,264.5199890136719,264.45001220703125,14107800,264.45001220703125,2020-10-09,FB,Facebook,0,265.6984,263.1099853515625
791.0,3962,3962,1602509400,280.17999267578125,267.8699951171875,270.20001220703125,275.75,31019300,275.75,2020-10-12,FB,Facebook,0,267.2154,261.3599853515625
792.0,3963,3963,1602595800,279.1000061035156,273.3900146484375,277.5799865722656,276.1400146484375,18063300,276.1400146484375,2020-10-13,FB,Facebook,0,269.2826,265.29998779296875
793.0,3964,3964,1602682200,278.75,271.5,277.6199951171875,271.82000732421875,15577800,271.82000732421875,2020-10-14,FB,Facebook,0,271.44217,287.3800048828125
794.0,3965,3965,1602768600,269.0400085449219,263.6700134277344,267.6000061035156,266.7200012207031,15416100,266.7200012207031,2020-10-15,FB,Facebook,0,273.0433,294.67999267578125
795.0,3966,3966,1602855000,271.3699951171875,265.29998779296875,267.3800048828125,265.92999267578125,16622700,265.92999267578125,2020-10-16,FB,Facebook,0,274.11877,293.4100036621094
796.0,3967,3967,1603114200,268.54998779296875,259.8800048828125,265.5299987792969,261.3999938964844,13587000,261.3999938964844,2020-10-19,FB,Facebook,0,274.53986,278.7699890136719
797.0,3968,3968,1603200600,269.70001220703125,262.8800048828125,263.0599975585937,267.5599975585937,18763200,267.5599975585937,2020-10-20,FB,Facebook,0,274.64307,272.42999267578125
798.0,3969,3969,1603287000,283.04998779296875,276.3699951171875,279.5599975585937,278.7300109863281,28998600,278.7300109863281,2020-10-21,FB,Facebook,0,275.41998,276.4800109863281
799.0,3970,3970,1603373400,282.45001220703125,275.0400085449219,279.8699951171875,278.1199951171875,16720000,278.1199951171875,2020-10-22,FB,Facebook,0,276.6,275.0799865722656
800.0,3971,3971,1603459800,285.239990234375,276.82000732421875,278.79998779296875,284.7900085449219,17535200,284.7900085449219,2020-10-23,FB,Facebook,0,278.20047,276.95001220703125
801.0,3972,3972,1603719000,285.2300109863281,274.260009765625,283.1600036621094,277.1099853515625,21322900,277.1099853515625,2020-10-26,FB,Facebook,0,279.82553,278.9599914550781
802.0,3973,3973,1603805400,284.510009765625,276.3099975585937,278.760009765625,283.2900085449219,16287200,283.2900085449219,2020-10-27,FB,Facebook,0,281.46313,275.0
803.0,3974,3974,1603891800,278.7900085449219,267.260009765625,278.7900085449219,267.6700134277344,23121800,267.6700134277344,2020-10-28,FB,Facebook,0,282.4159,271.9700012207031
804.0,3975,3975,1603978200,283.6000061035156,273.7799987792969,276.54998779296875,280.8299865722656,32368100,280.8299865722656,2020-10-29,FB,Facebook,0,283.26285,272.94000244140625
805.0,3976,3976,1604064600,276.70001220703125,259.1000061035156,274.5,263.1099853515625,47247800,263.1099853515625,2020-10-30,FB,Facebook,0,283.25348,269.70001220703125
806.0,3977,3977,1604327400,270.4700012207031,257.3399963378906,264.6000061035156,261.3599853515625,27165700,261.3599853515625,2020-11-02,FB,Facebook,0,282.30655,268.42999267578125
807.0,3978,3978,1604413800,270.04998779296875,260.8800048828125,263.1600036621094,265.29998779296875,17961900,265.29998779296875,2020-11-03,FB,Facebook,0,280.87848,276.9200134277344
808.0,3979,3979,1604500200,288.94000244140625,278.6199951171875,281.0,287.3800048828125,35364400,287.3800048828125,2020-11-04,FB,Facebook,0,280.55347,275.5899963378906
809.0,3980,3980,1604586600,297.3800048828125,288.95001220703125,291.8999938964844,294.67999267578125,23823600,294.67999267578125,2020-11-05,FB,Facebook,0,281.59845,277.8099975585937
810.0,3981,3981,1604673000,294.6000061035156,288.0599975585937,293.95001220703125,293.4100036621094,13891000,293.4100036621094,2020-11-06,FB,Facebook,0,283.53687,276.9700012207031
811.0,3982,3982,1604932200,292.5799865722656,278.5299987792969,289.8699951171875,278.7699890136719,25117700,278.7699890136719,2020-11-09,FB,Facebook,0,285.29733,286.54998779296875
812.0,3983,3983,1605018600,274.0,264.0,273.1000061035156,272.42999267578125,29067700,272.42999267578125,2020-11-10,FB,Facebook,0,286.08615,287.5199890136719
813.0,3984,3984,1605105000,278.3999938964844,272.4800109863281,273.4700012207031,276.4800109863281,14957000,276.4800109863281,2020-11-11,FB,Facebook,0,286.30856,281.8500061035156
814.0,3985,3985,1605191400,279.75,274.42999267578125,277.17999267578125,275.0799865722656,12899500,275.0799865722656,2020-11-12,FB,Facebook,0,286.17838,279.70001220703125
815.0,3986,3986,1605277800,277.760009765625,273.1000061035156,277.7200012207031,276.95001220703125,10391200,276.95001220703125,2020-11-13,FB,Facebook,0,285.9029,285.5799865722656
816.0,3987,3987,1605537000,279.4100036621094,274.6300048828125,275.04998779296875,278.9599914550781,12970400,278.9599914550781,2020-11-16,FB,Facebook,0,285.54327,283.3999938964844
817.0,3988,3988,1605623400,277.67999267578125,273.2900085449219,277.67999267578125,275.0,15040300,275.0,2020-11-17,FB,Facebook,0,285.0801,277.9200134277344
818.0,3989,3989,1605709800,277.3900146484375,271.8399963378906,274.5199890136719,271.9700012207031,12152900,271.9700012207031,2020-11-18,FB,Facebook,0,284.373,277.1199951171875
819.0,3990,3990,1605796200,273.4700012207031,269.19000244140625,271.0199890136719,272.94000244140625,12963700,272.94000244140625,2020-11-19,FB,Facebook,0,283.47772,273.54998779296875
820.0,3991,3991,1605882600,273.0,269.4100036621094,272.5599975585937,269.70001220703125,18114700,269.70001220703125,2020-11-20,FB,Facebook,0,282.43384,274.19000244140625
821.0,3992,3992,1606141800,270.95001220703125,264.5299987792969,270.8900146484375,268.42999267578125,20990800,268.42999267578125,2020-11-23,FB,Facebook,0,281.26035,275.54998779296875
822.0,3993,3993,1606228200,277.82000732421875,267.8699951171875,268.489990234375,276.9200134277344,16930400,276.9200134277344,2020-11-24,FB,Facebook,0,280.3177,275.6700134277344
823.0,3994,3994,1606314600,280.17999267578125,272.6499938964844,278.1400146484375,275.5899963378906,12467000,275.5899963378906,2020-11-25,FB,Facebook,0,279.8246,274.4800109863281
824.0,3995,3995,1606487400,279.1300048828125,274.82000732421875,277.3900146484375,277.8099975585937,7808400,277.8099975585937,2020-11-27,FB,Facebook,0,279.73627,276.3999938964844
825.0,3996,3996,1606746600,277.70001220703125,271.010009765625,276.0299987792969,276.9700012207031,16693300,276.9700012207031,2020-11-30,FB,Facebook,0,279.8592,272.7900085449219
826.0,3997,3997,1606833000,289.29998779296875,278.9599914550781,279.1600036621094,286.54998779296875,20738900,286.54998779296875,2020-12-01,FB,Facebook,0,280.56506,267.0899963378906
827.0,3998,3998,1606919400,291.7799987792969,280.8299865722656,285.3599853515625,287.5199890136719,17361600,287.5199890136719,2020-12-02,FB,Facebook,0,281.84015,268.1099853515625
828.0,3999,3999,1607005800,286.6499938964844,281.07000732421875,286.25,281.8500061035156,12921700,281.8500061035156,2020-12-03,FB,Facebook,0,283.2408,267.3999938964844
829.0,4000,4000,1607092200,283.4599914550781,279.29998779296875,280.29998779296875,279.70001220703125,10880300,279.70001220703125,2020-12-04,FB,Facebook,0,284.38242,277.0
830.0,4001,4001,1607351400,288.489990234375,278.20001220703125,279.19000244140625,285.5799865722656,13007700,285.5799865722656,2020-12-07,FB,Facebook,0,285.4548,276.7799987792969
831.0,4002,4002,1607437800,286.42999267578125,281.54998779296875,286.010009765625,283.3999938964844,10747700,283.3999938964844,2020-12-08,FB,Facebook,0,286.52673,271.8699951171875
832.0,4003,4003,1607524200,287.6300048828125,271.75,283.6600036621094,277.9200134277344,25189700,277.9200134277344,2020-12-09,FB,Facebook,0,287.25903,273.1600036621094
833.0,4004,4004,1607610600,278.7300109863281,271.8599853515625,275.5400085449219,277.1199951171875,20065100,277.1199951171875,2020-12-10,FB,Facebook,0,287.444,268.94000244140625
834.0,4005,4005,1607697000,276.4800109863281,270.25,274.5299987792969,273.54998779296875,14391400,273.54998779296875,2020-12-11,FB,Facebook,0,287.07706,270.9700012207031
835.0,4006,4006,1607956200,277.2200012207031,271.5599975585937,273.3699951171875,274.19000244140625,16376900,274.19000244140625,2020-12-14,FB,Facebook,0,286.34705,263.3099975585937
836.0,4007,4007,1608042600,276.0799865722656,267.4700012207031,274.8299865722656,275.54998779296875,23979500,275.54998779296875,2020-12-15,FB,Facebook,0,285.5099,268.739990234375
837.0,4008,4008,1608129000,277.8599853515625,272.510009765625,274.760009765625,275.6700134277344,15885000,275.6700134277344,2020-12-16,FB,Facebook,0,284.65833,267.57000732421875
838.0,4009,4009,1608215400,280.44000244140625,273.6099853515625,277.07000732421875,274.4800109863281,16377800,274.4800109863281,2020-12-17,FB,Facebook,0,283.87762,256.8399963378906
839.0,4010,4010,1608301800,278.0,271.1400146484375,275.7699890136719,276.3999938964844,26693200,276.3999938964844,2020-12-18,FB,Facebook,0,283.23068,251.08999633789065
840.0,4011,4011,1608561000,274.6700134277344,267.7900085449219,272.9800109863281,272.7900085449219,16553700,272.7900085449219,2020-12-21,FB,Facebook,0,282.49966,251.63999938964844
841.0,4012,4012,1608647400,271.5,264.6300048828125,271.5,267.0899963378906,17312900,267.0899963378906,2020-12-22,FB,Facebook,0,281.50223,245.63999938964844
842.0,4013,4013,1608733800,272.1700134277344,266.2300109863281,266.8900146484375,268.1099853515625,14329000,268.1099853515625,2020-12-23,FB,Facebook,0,280.2889,251.3600006103516
843.0,4014,4014,1608820200,270.3999938964844,266.20001220703125,268.8800048828125,267.3999938964844,6702000,267.3999938964844,2020-12-24,FB,Facebook,0,279.03494,261.1000061035156
844.0,4015,4015,1609165800,277.29998779296875,265.6600036621094,268.739990234375,277.0,23299700,277.0,2020-12-28,FB,Facebook,0,278.18637,267.4800109863281
845.0,4016,4016,1609252200,280.510009765625,276.2799987792969,276.95001220703125,276.7799987792969,16383000,276.7799987792969,2020-12-29,FB,Facebook,0,277.9012,272.8699951171875
846.0,4017,4017,1609338600,278.0799865722656,271.7099914550781,277.95001220703125,271.8699951171875,11803800,271.8699951171875,2020-12-30,FB,Facebook,0,277.8729,274.5
847.0,4018,4018,1609425000,277.0899963378906,269.8099975585937,272.0,273.1600036621094,12900400,273.1600036621094,2020-12-31,FB,Facebook,0,277.8976,278.010009765625
848.0,4019,4019,1609770600,275.0,265.20001220703125,274.7799987792969,268.94000244140625,15106100,268.94000244140625,2021-01-04,FB,Facebook,0,277.87738,282.04998779296875
849.0,4020,4020,1609857000,272.3999938964844,268.2099914550781,268.2900085449219,270.9700012207031,9871600,270.9700012207031,2021-01-05,FB,Facebook,0,277.7124,272.1400146484375
850.0,4021,4021,1609943400,267.75,260.010009765625,262.0,263.3099975585937,24354100,263.3099975585937,2021-01-06,FB,Facebook,0,276.9864,265.0
851.0,4022,4022,1610029800,271.6099853515625,264.7799987792969,265.8999938964844,268.739990234375,15789800,268.739990234375,2021-01-07,FB,Facebook,0,276.2398,258.3299865722656
852.0,4023,4023,1610116200,268.95001220703125,263.17999267578125,268.3099975585937,267.57000732421875,18528300,267.57000732421875,2021-01-08,FB,Facebook,0,275.5552,262.010009765625
853.0,4024,4024,1610375400,263.4700012207031,255.8999938964844,260.4800109863281,256.8399963378906,30412300,256.8399963378906,2021-01-11,FB,Facebook,0,274.336,267.0799865722656
854.0,4025,4025,1610461800,259.7200012207031,250.3000030517578,256.6300048828125,251.08999633789065,26383500,251.08999633789065,2021-01-12,FB,Facebook,0,272.50714,266.6499938964844
855.0,4026,4026,1610548200,253.9499969482422,249.1999969482422,251.5500030517578,251.63999938964844,19528900,251.63999938964844,2021-01-13,FB,Facebook,0,270.25253,266.489990234375
856.0,4027,4027,1610634600,255.02999877929688,244.6100006103516,253.3999938964844,245.63999938964844,29739400,245.63999938964844,2021-01-14,FB,Facebook,0,267.68362,268.1000061035156
857.0,4028,4028,1610721000,253.8600006103516,247.16000366210932,247.8999938964844,251.3600006103516,24942900,251.3600006103516,2021-01-15,FB,Facebook,0,265.12128,266.5799865722656
858.0,4029,4029,1611066600,262.20001220703125,252.72000122070312,256.8999938964844,261.1000061035156,28028500,261.1000061035156,2021-01-19,FB,Facebook,0,263.3477,269.45001220703125
859.0,4030,4030,1611153000,270.32000732421875,263.6000061035156,268.92999267578125,267.4800109863281,25199900,267.4800109863281,2021-01-20,FB,Facebook,0,262.81876,271.8699951171875
860.0,4031,4031,1611239400,273.6000061035156,267.489990234375,269.260009765625,272.8699951171875,20838700,272.8699951171875,2021-01-21,FB,Facebook,0,263.39432,270.3900146484375
861.0,4032,4032,1611325800,278.4700012207031,272.0,272.010009765625,274.5,21954000,274.5,2021-01-22,FB,Facebook,0,264.8325,270.5
862.0,4033,4033,1611585000,280.1000061035156,271.510009765625,278.1400146484375,278.010009765625,19087000,278.010009765625,2021-01-25,FB,Facebook,0,267.07858,273.9700012207031
863.0,4034,4034,1611671400,285.3900146484375,277.8099975585937,278.1400146484375,282.04998779296875,19373600,282.04998779296875,2021-01-26,FB,Facebook,0,269.8825,273.57000732421875
864.0,4035,4035,1611757800,283.45001220703125,268.1199951171875,282.5299987792969,272.1400146484375,35346200,272.1400146484375,2021-01-27,FB,Facebook,0,272.6469,269.3900146484375
865.0,4036,4036,1611844200,286.7900085449219,264.70001220703125,277.17999267578125,265.0,37758800,265.0,2021-01-28,FB,Facebook,0,274.78372,261.5599975585937
866.0,4037,4037,1611930600,266.5599975585937,254.8500061035156,265.29998779296875,258.3299865722656,30389500,258.3299865722656,2021-01-29,FB,Facebook,0,275.75107,260.3299865722656
867.0,4038,4038,1612189800,264.1700134277344,254.91000366210932,259.5199890136719,262.010009765625,22914300,262.010009765625,2021-02-01,FB,Facebook,0,275.81802,265.8599853515625
868.0,4039,4039,1612276200,268.8500061035156,263.2699890136719,264.0,267.0799865722656,17320800,267.0799865722656,2021-02-02,FB,Facebook,0,275.5814,264.3099975585937
869.0,4040,4040,1612362600,269.20001220703125,263.8399963378906,265.6199951171875,266.6499938964844,14223400,266.6499938964844,2021-02-03,FB,Facebook,0,275.1888,254.69000244140625
870.0,4041,4041,1612449000,268.1600036621094,264.0,267.010009765625,266.489990234375,16060000,266.489990234375,2021-02-04,FB,Facebook,0,274.75803,257.6199951171875
871.0,4042,4042,1612535400,269.1700134277344,265.6700134277344,266.79998779296875,268.1000061035156,12454400,268.1000061035156,2021-02-05,FB,Facebook,0,274.3882,264.9100036621094
872.0,4043,4043,1612794600,269.8599853515625,265.0,268.75,266.5799865722656,13755200,266.5799865722656,2021-02-08,FB,Facebook,0,274.0873,259.0
873.0,4044,4044,1612881000,273.3900146484375,265.75,266.44000244140625,269.45001220703125,14613400,269.45001220703125,2021-02-09,FB,Facebook,0,273.8939,255.41000366210932
874.0,4045,4045,1612967400,273.79998779296875,267.7200012207031,272.45001220703125,271.8699951171875,14687200,271.8699951171875,2021-02-10,FB,Facebook,0,274.05078,257.6400146484375
875.0,4046,4046,1613053800,273.5799865722656,268.489990234375,271.8900146484375,270.3900146484375,12828600,270.3900146484375,2021-02-11,FB,Facebook,0,274.36688,264.2799987792969
876.0,4047,4047,1613140200,271.17999267578125,268.3399963378906,270.5199890136719,270.5,9097600,270.5,2021-02-12,FB,Facebook,0,274.73465,255.3099975585937
877.0,4048,4048,1613485800,276.6000061035156,270.04998779296875,270.79998779296875,273.9700012207031,15417200,273.9700012207031,2021-02-16,FB,Facebook,0,275.24823,265.739990234375
878.0,4049,4049,1613572200,273.9700012207031,269.5799865722656,271.239990234375,273.57000732421875,12763200,273.57000732421875,2021-02-17,FB,Facebook,0,275.82376,264.8999938964844
879.0,4050,4050,1613658600,271.95001220703125,266.0299987792969,269.57000732421875,269.3900146484375,15249100,269.3900146484375,2021-02-18,FB,Facebook,0,276.19977,273.8800048828125
880.0,4051,4051,1613745000,270.2699890136719,260.1499938964844,269.8599853515625,261.5599975585937,25622600,261.5599975585937,2021-02-19,FB,Facebook,0,276.13266,268.3999938964844
881.0,4052,4052,1614004200,263.07000732421875,257.5299987792969,257.95001220703125,260.3299865722656,17434900,260.3299865722656,2021-02-22,FB,Facebook,0,275.37213,273.75
882.0,4053,4053,1614090600,267.4599914550781,254.9600067138672,259.5,265.8599853515625,21924600,265.8599853515625,2021-02-23,FB,Facebook,0,274.43207,279.2799987792969
883.0,4054,4054,1614177000,266.3800048828125,258.3900146484375,262.3299865722656,264.3099975585937,15736100,264.3099975585937,2021-02-24,FB,Facebook,0,273.45407,284.010009765625
884.0,4055,4055,1614263400,266.94000244140625,254.0399932861328,262.29998779296875,254.69000244140625,19053100,254.69000244140625,2021-02-25,FB,Facebook,0,272.16132,278.6199951171875
885.0,4056,4056,1614349800,265.54998779296875,256.4700012207031,256.4700012207031,257.6199951171875,26619500,257.6199951171875,2021-02-26,FB,Facebook,0,270.67966,290.1099853515625
886.0,4057,4057,1614609000,266.6499938964844,257.8999938964844,260.82000732421875,264.9100036621094,22157300,264.9100036621094,2021-03-01,FB,Facebook,0,269.55765,293.5400085449219
887.0,4058,4058,1614695400,266.7099914550781,258.6499938964844,265.7799987792969,259.0,15191700,259.0,2021-03-02,FB,Facebook,0,268.68073,290.6300048828125
888.0,4059,4059,1614781800,260.989990234375,255.1000061035156,260.2900085449219,255.41000366210932,15513500,255.41000366210932,2021-03-03,FB,Facebook,0,267.74017,282.1400146484375
889.0,4060,4060,1614868200,266.489990234375,253.5,256.4700012207031,257.6400146484375,31626500,257.6400146484375,2021-03-04,FB,Facebook,0,266.78525,278.739990234375
890.0,4061,4061,1614954600,265.45001220703125,255.6100006103516,260.6700134277344,264.2799987792969,26820100,264.2799987792969,2021-03-05,FB,Facebook,0,266.2454,283.0199890136719
891.0,4062,4062,1615213800,265.5799865722656,255.0500030517578,265.54998779296875,255.3099975585937,18391800,255.3099975585937,2021-03-08,FB,Facebook,0,265.83502,290.82000732421875
892.0,4063,4063,1615300200,268.5299987792969,259.8099975585937,261.17999267578125,265.739990234375,22039700,265.739990234375,2021-03-09,FB,Facebook,0,265.80255,288.0
893.0,4064,4064,1615386600,268.9700012207031,262.8699951171875,268.6400146484375,264.8999938964844,14210300,264.8999938964844,2021-03-10,FB,Facebook,0,266.2131,294.5299987792969
894.0,4065,4065,1615473000,277.8999938964844,267.82000732421875,268.1099853515625,273.8800048828125,21834000,273.8800048828125,2021-03-11,FB,Facebook,0,267.22012,298.6600036621094
895.0,4066,4066,1615559400,269.739990234375,264.0199890136719,269.1400146484375,268.3999938964844,20600200,268.3999938964844,2021-03-12,FB,Facebook,0,268.39676,308.9100036621094
896.0,4067,4067,1615815000,275.9599914550781,268.5,269.0799865722656,273.75,16844800,273.75,2021-03-15,FB,Facebook,0,269.81235,306.260009765625
897.0,4068,4068,1615901400,282.1400146484375,274.79998779296875,276.0799865722656,279.2799987792969,22437700,279.2799987792969,2021-03-16,FB,Facebook,0,271.70914,313.0899963378906
898.0,4069,4069,1615987800,286.2300109863281,275.4100036621094,275.7099914550781,284.010009765625,21315000,284.010009765625,2021-03-17,FB,Facebook,0,273.97995,313.0199890136719
899.0,4070,4070,1616074200,285.19000244140625,278.2799987792969,279.8699951171875,278.6199951171875,18728300,278.6199951171875,2021-03-18,FB,Facebook,0,276.28406,312.4599914550781
900.0,4071,4071,1616160600,292.79998779296875,281.20001220703125,281.2200012207031,290.1099853515625,38930500,290.1099853515625,2021-03-19,FB,Facebook,0,278.9329,311.5400085449219
901.0,4072,4072,1616419800,299.7099914550781,286.75,290.45001220703125,293.5400085449219,28273100,293.5400085449219,2021-03-22,FB,Facebook,0,282.04504,309.760009765625
902.0,4073,4073,1616506200,298.0,289.8099975585937,293.1499938964844,290.6300048828125,23000900,290.6300048828125,2021-03-23,FB,Facebook,0,285.24866,302.82000732421875
903.0,4074,4074,1616592600,291.7200012207031,281.1600036621094,291.0,282.1400146484375,18675000,282.1400146484375,2021-03-24,FB,Facebook,0,287.9294,307.82000732421875
904.0,4075,4075,1616679000,288.0599975585937,277.75,280.9800109863281,278.739990234375,24505600,278.739990234375,2021-03-25,FB,Facebook,0,289.6531,306.17999267578125
905.0,4076,4076,1616765400,284.5,277.7699890136719,278.29998779296875,283.0199890136719,17629200,283.0199890136719,2021-03-26,FB,Facebook,0,290.68445,302.239990234375
906.0,4077,4077,1617024600,293.17999267578125,284.70001220703125,285.7699890136719,290.82000732421875,21718800,290.82000732421875,2021-03-29,FB,Facebook,0,291.6826,302.6499938964844
907.0,4078,4078,1617111000,292.4700012207031,286.70001220703125,289.8299865722656,288.0,17474500,288.0,2021-03-30,FB,Facebook,0,292.60876,301.4700012207031
908.0,4079,4079,1617197400,296.5,288.6099853515625,289.989990234375,294.5299987792969,19498200,294.5299987792969,2021-03-31,FB,Facebook,0,293.67917,296.5199890136719
909.0,4080,4080,1617283800,302.3999938964844,296.6000061035156,298.3999938964844,298.6600036621094,17616000,298.6600036621094,2021-04-01,FB,Facebook,0,295.18057,301.1300048828125
910.0,4081,4081,1617629400,310.7699890136719,300.67999267578125,300.8900146484375,308.9100036621094,28237000,308.9100036621094,2021-04-05,FB,Facebook,0,297.33627,303.0400085449219
911.0,4082,4082,1617715800,311.3500061035156,305.25,308.8399963378906,306.260009765625,17335200,306.260009765625,2021-04-06,FB,Facebook,0,299.93375,303.57000732421875
912.0,4083,4083,1617802200,314.25,305.5,306.3399963378906,313.0899963378906,22855200,313.0899963378906,2021-04-07,FB,Facebook,0,302.84622,307.1000061035156
913.0,4084,4084,1617888600,315.8800048828125,310.04998779296875,314.8500061035156,313.0199890136719,20894100,313.0199890136719,2021-04-08,FB,Facebook,0,306.0289,329.510009765625
914.0,4085,4085,1617975000,314.739990234375,310.3299865722656,311.3999938964844,312.4599914550781,15988600,312.4599914550781,2021-04-09,FB,Facebook,0,309.0625,325.0799865722656
915.0,4086,4086,1618234200,312.1499938964844,307.92999267578125,311.04998779296875,311.5400085449219,10881900,311.5400085449219,2021-04-12,FB,Facebook,0,311.74692,322.5799865722656
916.0,4087,4087,1618320600,314.42999267578125,309.32000732421875,312.2099914550781,309.760009765625,14036900,309.760009765625,2021-04-13,FB,Facebook,0,313.98047,318.3599853515625
917.0,4088,4088,1618407000,308.0299987792969,301.95001220703125,307.29998779296875,302.82000732421875,17421400,302.82000732421875,2021-04-14,FB,Facebook,0,315.34967,315.0199890136719
918.0,4089,4089,1618493400,310.1400146484375,304.1000061035156,306.3399963378906,307.82000732421875,14558300,307.82000732421875,2021-04-15,FB,Facebook,0,316.19632,320.0199890136719
919.0,4090,4090,1618579800,308.95001220703125,304.6099853515625,308.1700134277344,306.17999267578125,13059200,306.17999267578125,2021-04-16,FB,Facebook,0,316.61755,319.0799865722656
920.0,4091,4091,1618839000,307.70001220703125,300.5599975585937,305.010009765625,302.239990234375,14553500,302.239990234375,2021-04-19,FB,Facebook,0,316.4782,305.9700012207031
921.0,4092,4092,1618925400,305.1000061035156,297.2099914550781,301.989990234375,302.6499938964844,16796400,302.6499938964844,2021-04-20,FB,Facebook,0,315.88962,306.5299987792969
922.0,4093,4093,1619011800,301.9800109863281,297.3900146484375,301.95001220703125,301.4700012207031,14863500,301.4700012207031,2021-04-21,FB,Facebook,0,314.9829,302.54998779296875
923.0,4094,4094,1619098200,302.9200134277344,296.0400085449219,301.3299865722656,296.5199890136719,16375400,296.5199890136719,2021-04-22,FB,Facebook,0,313.71133,305.260009765625
924.0,4095,4095,1619184600,302.5899963378906,297.1499938964844,298.760009765625,301.1300048828125,17536800,301.1300048828125,2021-04-23,FB,Facebook,0,312.36813,315.94000244140625
925.0,4096,4096,1619443800,305.79998779296875,301.5599975585937,303.3399963378906,303.0400085449219,16172600,303.0400085449219,2021-04-26,FB,Facebook,0,311.26392,315.4599914550781
926.0,4097,4097,1619530200,305.3399963378906,301.1099853515625,304.2799987792969,303.57000732421875,15309300,303.57000732421875,2021-04-27,FB,Facebook,0,310.4398,309.9599914550781
927.0,4098,4098,1619616600,310.9200134277344,305.3699951171875,307.3599853515625,307.1000061035156,33907200,307.1000061035156,2021-04-28,FB,Facebook,0,310.08127,313.5899963378906
928.0,4099,4099,1619703000,331.8099975585937,321.6099853515625,330.1199951171875,329.510009765625,56526800,329.510009765625,2021-04-29,FB,Facebook,0,311.5737,318.6099853515625
929.0,4100,4100,1619789400,329.82000732421875,324.5,326.1400146484375,325.0799865722656,26332400,325.0799865722656,2021-04-30,FB,Facebook,0,313.94788,316.2300109863281
930.0,4101,4101,1620048600,328.54998779296875,321.8399963378906,326.1700134277344,322.5799865722656,18719500,322.5799865722656,2021-05-03,FB,Facebook,0,316.67938,324.6300048828125
931.0,4102,4102,1620135000,322.19000244140625,313.1199951171875,320.0199890136719,318.3599853515625,24032600,318.3599853515625,2021-05-04,FB,Facebook,0,319.12967,327.7900085449219
932.0,4103,4103,1620221400,321.0599975585937,314.489990234375,318.19000244140625,315.0199890136719,15577600,315.0199890136719,2021-05-05,FB,Facebook,0,321.04175,327.6600036621094
933.0,4104,4104,1620307800,320.239990234375,313.2699890136719,314.5199890136719,320.0199890136719,19012200,320.0199890136719,2021-05-06,FB,Facebook,0,322.5355,332.75
934.0,4105,4105,1620394200,322.94000244140625,318.75,322.3800048828125,319.0799865722656,15916700,319.0799865722656,2021-05-07,FB,Facebook,0,323.8413,328.7300109863281
935.0,4106,4106,1620653400,314.5799865722656,304.8299865722656,314.3500061035156,305.9700012207031,24239200,305.9700012207031,2021-05-10,FB,Facebook,0,324.20474,329.1300048828125
936.0,4107,4107,1620739800,306.8399963378906,299.69000244140625,300.75,306.5299987792969,18920100,306.5299987792969,2021-05-11,FB,Facebook,0,323.52322,329.1499938964844
937.0,4108,4108,1620826200,304.9599914550781,298.19000244140625,301.1300048828125,302.54998779296875,24645500,302.54998779296875,2021-05-12,FB,Facebook,0,322.03113,326.0400085449219
938.0,4109,4109,1620912600,308.8599853515625,302.7699890136719,306.0799865722656,305.260009765625,18079200,305.260009765625,2021-05-13,FB,Facebook,0,320.33344,330.3500061035156
939.0,4110,4110,1620999000,316.8500061035156,309.0799865722656,309.5400085449219,315.94000244140625,19245700,315.94000244140625,2021-05-14,FB,Facebook,0,319.11017,336.5799865722656
940.0,4111,4111,1621258200,315.67999267578125,311.5799865722656,313.54998779296875,315.4599914550781,15401300,315.4599914550781,2021-05-17,FB,Facebook,0,318.39124,333.67999267578125
941.0,4112,4112,1621344600,316.5,309.8099975585937,315.5899963378906,309.9599914550781,14522400,309.9599914550781,2021-05-18,FB,Facebook,0,317.92236,330.25
942.0,4113,4113,1621431000,314.6600036621094,303.57000732421875,304.19000244140625,313.5899963378906,19106200,313.5899963378906,2021-05-19,FB,Facebook,0,317.45367,332.4599914550781
943.0,4114,4114,1621517400,319.25,313.1600036621094,313.5799865722656,318.6099853515625,17320200,318.6099853515625,2021-05-20,FB,Facebook,0,317.4748,331.260009765625
944.0,4115,4115,1621603800,319.92999267578125,315.8099975585937,319.2900085449219,316.2300109863281,13600900,316.2300109863281,2021-05-21,FB,Facebook,0,317.90714,336.7699890136719
945.0,4116,4116,1621863000,325.95001220703125,318.0299987792969,318.2099914550781,324.6300048828125,16445400,324.6300048828125,2021-05-24,FB,Facebook,0,318.87738,336.75
946.0,4117,4117,1621949400,329.17999267578125,324.79998779296875,327.0799865722656,327.7900085449219,16437000,327.7900085449219,2021-05-25,FB,Facebook,0,320.53006,331.0799865722656
947.0,4118,4118,1622035800,329.8299865722656,325.82000732421875,328.3500061035156,327.6600036621094,9686900,327.6600036621094,2021-05-26,FB,Facebook,0,322.57492,336.510009765625
948.0,4119,4119,1622122200,333.7799987792969,326.760009765625,328.0,332.75,20477700,332.75,2021-05-27,FB,Facebook,0,324.9352,329.6600036621094
949.0,4120,4120,1622208600,332.8699951171875,328.3299865722656,331.0,328.7300109863281,12037400,328.7300109863281,2021-05-28,FB,Facebook,0,327.29263,332.2900085449219
950.0,4121,4121,1622554200,331.4200134277344,326.6400146484375,330.1499938964844,329.1300048828125,11765900,329.1300048828125,2021-06-01,FB,Facebook,0,329.48508,339.0299987792969
951.0,4122,4122,1622640600,331.8699951171875,327.1199951171875,330.3800048828125,329.1499938964844,11654300,329.1499938964844,2021-06-02,FB,Facebook,0,331.42807,340.5899963378906
952.0,4123,4123,1622727000,327.3800048828125,323.4800109863281,325.7799987792969,326.0400085449219,12610800,326.0400085449219,2021-06-03,FB,Facebook,0,332.8191,343.17999267578125
953.0,4124,4124,1622813400,332.4599914550781,325.17999267578125,325.8999938964844,330.3500061035156,13289400,330.3500061035156,2021-06-04,FB,Facebook,0,333.90906,341.3699951171875
954.0,4125,4125,1623072600,337.69000244140625,328.92999267578125,329.4800109863281,336.5799865722656,20136700,336.5799865722656,2021-06-07,FB,Facebook,0,335.06183,355.6400146484375
955.0,4126,4126,1623159000,338.29998779296875,332.239990234375,336.70001220703125,333.67999267578125,14580500,333.67999267578125,2021-06-08,FB,Facebook,0,336.28943,351.8900146484375
956.0,4127,4127,1623245400,336.79998779296875,330.0,335.739990234375,330.25,13727900,330.25,2021-06-09,FB,Facebook,0,337.33572,347.7099914550781
957.0,4128,4128,1623331800,333.94000244140625,328.54998779296875,330.7900085449219,332.4599914550781,13240200,332.4599914550781,2021-06-10,FB,Facebook,0,338.12698,354.3900146484375
958.0,4129,4129,1623418200,332.8299865722656,328.92999267578125,332.5799865722656,331.260009765625,13587900,331.260009765625,2021-06-11,FB,Facebook,0,338.69647,354.70001220703125
959.0,4130,4130,1623677400,336.82000732421875,329.8099975585937,331.8999938964844,336.7699890136719,12250800,336.7699890136719,2021-06-14,FB,Facebook,0,339.2625,352.7799987792969
960.0,4131,4131,1623763800,339.9200134277344,335.0299987792969,336.989990234375,336.75,15795200,336.75,2021-06-15,FB,Facebook,0,339.93646,350.489990234375
961.0,4132,4132,1623850200,337.54998779296875,328.7200012207031,336.70001220703125,331.0799865722656,17232200,331.0799865722656,2021-06-16,FB,Facebook,0,340.41864,345.6499938964844
962.0,4133,4133,1623936600,337.9800109863281,330.1499938964844,330.489990234375,336.510009765625,17794100,336.510009765625,2021-06-17,FB,Facebook,0,340.75824,350.4200134277344
963.0,4134,4134,1624023000,336.1499938964844,329.0,334.5299987792969,329.6600036621094,23039500,329.6600036621094,2021-06-18,FB,Facebook,0,340.83496,353.1600036621094
964.0,4135,4135,1624282200,332.9200134277344,327.6499938964844,331.0899963378906,332.2900085449219,11337500,332.2900085449219,2021-06-21,FB,Facebook,0,340.72473,352.0899963378906
965.0,4136,4136,1624368600,339.9200134277344,332.6000061035156,332.69000244140625,339.0299987792969,15345300,339.0299987792969,2021-06-22,FB,Facebook,0,340.79074,347.6300048828125
966.0,4137,4137,1624455000,343.4200134277344,338.20001220703125,339.3500061035156,340.5899963378906,14817800,340.5899963378906,2021-06-23,FB,Facebook,0,341.22568,344.4599914550781
967.0,4138,4138,1624541400,344.8999938964844,341.7900085449219,341.8500061035156,343.17999267578125,12329100,343.17999267578125,2021-06-24,FB,Facebook,0,342.0569,341.1600036621094
968.0,4139,4139,1624627800,344.1199951171875,339.67999267578125,342.5899963378906,341.3699951171875,14594400,341.3699951171875,2021-06-25,FB,Facebook,0,343.05753,336.95001220703125
969.0,4140,4140,1624887000,358.1400146484375,341.7699890136719,342.4599914550781,355.6400146484375,29156100,355.6400146484375,2021-06-28,FB,Facebook,0,344.64038,341.6600036621094
970.0,4141,4141,1624973400,356.739990234375,349.04998779296875,356.2699890136719,351.8900146484375,21417300,351.8900146484375,2021-06-29,FB,Facebook,0,346.7816,346.2300109863281
971.0,4142,4142,1625059800,352.9200134277344,347.1700134277344,352.1700134277344,347.7099914550781,15107500,347.7099914550781,2021-06-30,FB,Facebook,0,348.88846,351.19000244140625
972.0,4143,4143,1625146200,354.6700134277344,346.5,346.82000732421875,354.3900146484375,17137000,354.3900146484375,2021-07-01,FB,Facebook,0,350.92596,369.7900085449219
973.0,4144,4144,1625232600,356.44000244140625,352.6199951171875,355.1000061035156,354.70001220703125,11521300,354.70001220703125,2021-07-02,FB,Facebook,0,353.03586,372.4599914550781
974.0,4145,4145,1625578200,358.7900085449219,349.17999267578125,356.5,352.7799987792969,13488500,352.7799987792969,2021-07-06,FB,Facebook,0,355.02652,367.80999755859375
975.0,4146,4146,1625664600,356.489990234375,350.0,355.260009765625,350.489990234375,14218900,350.489990234375,2021-07-07,FB,Facebook,0,356.68393,373.2799987792969
976.0,4147,4147,1625751000,348.3299865722656,342.5599975585937,345.7300109863281,345.6499938964844,14406500,345.6499938964844,2021-07-08,FB,Facebook,0,357.53818,358.32000732421875
977.0,4148,4148,1625837400,350.7099914550781,345.2699890136719,345.32000732421875,350.4200134277344,13018700,350.4200134277344,2021-07-09,FB,Facebook,0,357.95645,356.29998779296875
978.0,4149,4149,1626096600,354.19000244140625,349.6400146484375,351.2300109863281,353.1600036621094,10018600,353.1600036621094,2021-07-12,FB,Facebook,0,358.325,351.95001220703125
979.0,4150,4150,1626183000,358.489990234375,348.79998779296875,351.5,352.0899963378906,11456000,352.0899963378906,2021-07-13,FB,Facebook,0,358.60425,351.239990234375
980.0,4151,4151,1626269400,355.20001220703125,346.7300109863281,354.5599975585937,347.6300048828125,13894200,347.6300048828125,2021-07-14,FB,Facebook,0,358.73032,358.9200134277344
981.0,4152,4152,1626355800,349.2300109863281,340.2200012207031,349.2300109863281,344.4599914550781,14781600,344.4599914550781,2021-07-15,FB,Facebook,0,358.46674,362.9700012207031
982.0,4153,4153,1626442200,345.989990234375,340.1400146484375,344.9100036621094,341.1600036621094,11026100,341.1600036621094,2021-07-16,FB,Facebook,0,357.6994,363.510009765625
983.0,4154,4154,1626701400,339.7900085449219,334.5400085449219,337.57000732421875,336.95001220703125,14372300,336.95001220703125,2021-07-19,FB,Facebook,0,356.2575,361.6099853515625
984.0,4155,4155,1626787800,343.45001220703125,334.5,338.79998779296875,341.6600036621094,11024300,341.6600036621094,2021-07-20,FB,Facebook,0,354.66055,361.1300048828125
985.0,4156,4156,1626874200,346.5199890136719,341.25,341.5,346.2300109863281,9279700,346.2300109863281,2021-07-21,FB,Facebook,0,353.30844,359.9599914550781
986.0,4157,4157,1626960600,351.5400085449219,345.2099914550781,346.67999267578125,351.19000244140625,12385400,351.19000244140625,2021-07-22,FB,Facebook,0,352.54947,362.6499938964844
987.0,4158,4158,1627047000,375.3299865722656,357.19000244140625,360.9100036621094,369.7900085449219,33694300,369.7900085449219,2021-07-23,FB,Facebook,0,353.36588,363.1799926757813
988.0,4159,4159,1627306200,374.4400024414063,368.2200012207031,369.5799865722656,372.4599914550781,14925200,372.4599914550781,2021-07-26,FB,Facebook,0,355.55826,366.55999755859375
989.0,4160,4160,1627392600,373.1499938964844,364.5499877929688,371.9100036621094,367.80999755859375,15705400,367.80999755859375,2021-07-27,FB,Facebook,0,358.4452,358.45001220703125
990.0,4161,4161,1627479000,377.5499877929688,366.9299926757813,374.55999755859375,373.2799987792969,29676900,373.2799987792969,2021-07-28,FB,Facebook,0,361.90387,355.4500122070312
991.0,4162,4162,1627565400,365.5199890136719,356.739990234375,361.0,358.32000732421875,33413200,358.32000732421875,2021-07-29,FB,Facebook,0,364.55075,355.1199951171875
992.0,4163,4163,1627651800,360.7300109863281,352.94000244140625,354.0,356.29998779296875,15966700,356.29998779296875,2021-07-30,FB,Facebook,0,366.18948,359.3699951171875
993.0,4164,4164,1627911000,359.3999938964844,350.739990234375,358.1000061035156,351.95001220703125,13180400,351.95001220703125,2021-08-02,FB,Facebook,0,366.98904,363.3500061035156
994.0,4165,4165,1627997400,353.7699890136719,347.70001220703125,352.7300109863281,351.239990234375,12406100,351.239990234375,2021-08-03,FB,Facebook,0,366.9787,365.510009765625
995.0,4166,4166,1628083800,360.4800109863281,351.510009765625,352.4200134277344,358.9200134277344,14180600,358.9200134277344,2021-08-04,FB,Facebook,0,366.69852,368.3900146484375
996.0,4167,4167,1628170200,363.8999938964844,356.8999938964844,359.6400146484375,362.9700012207031,10247200,362.9700012207031,2021-08-05,FB,Facebook,0,366.61835,364.3800048828125
997.0,4168,4168,1628256600,365.1499938964844,361.3999938964844,361.3999938964844,363.510009765625,8918100,363.510009765625,2021-08-06,FB,Facebook,0,366.7552,372.6300048828125
998.0,4169,4169,1628515800,365.7799987792969,360.75,363.760009765625,361.6099853515625,7798900,361.6099853515625,2021-08-09,FB,Facebook,0,367.0337,380.6600036621094
999.0,4170,4170,1628602200,364.1000061035156,359.0400085449219,361.8299865722656,361.1300048828125,7469900,361.1300048828125,2021-08-10,FB,Facebook,0,367.31668,379.3800048828125
1000.0,4171,4171,1628688600,362.3599853515625,357.8099975585937,362.1000061035156,359.9599914550781,8400300,359.9599914550781,2021-08-11,FB,Facebook,0,367.54666,382.0499877929688
1001.0,4172,4172,1628775000,363.0,357.1099853515625,358.45001220703125,362.6499938964844,7170700,362.6499938964844,2021-08-12,FB,Facebook,0,367.7151,375.2799987792969
1002.0,4173,4173,1628861400,364.6600036621094,361.4800109863281,362.9700012207031,363.1799926757813,7192500,363.1799926757813,2021-08-13,FB,Facebook,0,367.9813,376.260009765625
1003.0,4174,4174,1629120600,366.9500122070313,357.3800048828125,362.5199890136719,366.55999755859375,11222100,366.55999755859375,2021-08-16,FB,Facebook,0,368.4085,382.1799926757813
1004.0,4175,4175,1629207000,364.6700134277344,355.07000732421875,362.9800109863281,358.45001220703125,12328700,358.45001220703125,2021-08-17,FB,Facebook,0,368.62424,377.5700073242188
1005.0,4176,4176,1629293400,359.8599853515625,355.1499938964844,356.25,355.45001220703125,10042400,355.45001220703125,2021-08-18,FB,Facebook,0,368.37152,378.0
1006.0,4177,4177,1629379800,357.57000732421875,351.0,351.3500061035156,355.1199951171875,12004500,355.1199951171875,2021-08-19,FB,Facebook,0,367.65582,378.6900024414063
1007.0,4178,4178,1629466200,359.989990234375,353.3099975585937,354.6000061035156,359.3699951171875,8693500,359.3699951171875,2021-08-20,FB,Facebook,0,366.9249,376.510009765625
1008.0,4179,4179,1629725400,365.6900024414063,359.1000061035156,359.44000244140625,363.3500061035156,10942000,363.3500061035156,2021-08-23,FB,Facebook,0,366.52216,376.5299987792969
1009.0,4180,4180,1629811800,367.9599914550781,361.8399963378906,363.6600036621094,365.510009765625,9235100,365.510009765625,2021-08-24,FB,Facebook,0,366.5763,373.9200134277344
1010.0,4181,4181,1629898200,370.8599853515625,365.3999938964844,365.6000061035156,368.3900146484375,9684500,368.3900146484375,2021-08-25,FB,Facebook,0,367.10538,373.05999755859375
1011.0,4182,4182,1629984600,369.4400024414063,364.1300048828125,368.3800048828125,364.3800048828125,7888700,364.3800048828125,2021-08-26,FB,Facebook,0,367.85556,364.7200012207031
1012.0,4183,4183,1630071000,373.739990234375,364.0799865722656,365.1000061035156,372.6300048828125,11214200,372.6300048828125,2021-08-27,FB,Facebook,0,368.92078,355.70001220703125
1013.0,4184,4184,1630330200,381.489990234375,370.5199890136719,372.55999755859375,380.6600036621094,13547300,380.6600036621094,2021-08-30,FB,Facebook,0,370.64932,357.4800109863281
1014.0,4185,4185,1630416600,382.760009765625,378.7999877929688,379.9500122070313,379.3800048828125,12345400,379.3800048828125,2021-08-31,FB,Facebook,0,372.88678,343.2099914550781
1015.0,4186,4186,1630503000,384.3299865722656,378.80999755859375,379.5899963378906,382.0499877929688,11567200,382.0499877929688,2021-09-01,FB,Facebook,0,375.41794,345.9599914550781
1016.0,4187,4187,1630589400,381.75,374.05999755859375,381.5,375.2799987792969,14832900,375.2799987792969,2021-09-02,FB,Facebook,0,377.78647,352.9599914550781
1017.0,4188,4188,1630675800,377.1600036621094,373.1099853515625,374.75,376.260009765625,7509600,376.260009765625,2021-09-03,FB,Facebook,0,379.7276,353.5799865722656
1018.0,4189,4189,1631021400,382.9599914550781,373.1499938964844,375.8800048828125,382.1799926757813,10793800,382.1799926757813,2021-09-07,FB,Facebook,0,381.5053,340.6499938964844
1019.0,4190,4190,1631107800,380.8699951171875,374.7900085449219,380.1600036621094,377.5700073242188,11067200,377.5700073242188,2021-09-08,FB,Facebook,0,383.00656,339.6099853515625
1020.0,4191,4191,1631194200,379.8299865722656,376.5700073242188,377.6400146484375,378.0,9098900,378.0,2021-09-09,FB,Facebook,0,384.16782,339.3900146484375
1021.0,4192,4192,1631280600,383.7900085449219,378.260009765625,381.3599853515625,378.6900024414063,11537600,378.6900024414063,2021-09-10,FB,Facebook,0,385.16022,343.010009765625
1022.0,4193,4193,1631539800,381.75,374.3500061035156,381.6799926757813,376.510009765625,13026300,376.510009765625,2021-09-13,FB,Facebook,0,385.90018,326.2300109863281
1023.0,4194,4194,1631626200,378.5899963378906,375.1099853515625,377.3999938964844,376.5299987792969,8711600,376.5299987792969,2021-09-14,FB,Facebook,0,386.29416,332.9599914550781
1024.0,4195,4195,1631712600,377.55999755859375,367.6700134277344,377.0,373.9200134277344,17940300,373.9200134277344,2021-09-15,FB,Facebook,0,386.3156,333.6400146484375
1025.0,4196,4196,1631799000,373.55999755859375,369.7099914550781,372.7900085449219,373.05999755859375,11934200,373.05999755859375,2021-09-16,FB,Facebook,0,385.92365,329.2200012207031
1026.0,4197,4197,1631885400,371.4100036621094,361.5899963378906,371.4100036621094,364.7200012207031,26299000,364.7200012207031,2021-09-17,FB,Facebook,0,384.91953,330.04998779296875
1027.0,4198,4198,1632144600,361.0299987792969,349.79998779296875,359.29998779296875,355.70001220703125,19822800,355.70001220703125,2021-09-20,FB,Facebook,0,382.86557,325.45001220703125
1028.0,4199,4199,1632231000,360.0400085449219,355.19000244140625,358.5,357.4800109863281,11751900,357.4800109863281,2021-09-21,FB,Facebook,0,380.2746,323.7699890136719
1029.0,4200,4200,1632317400,349.8399963378906,340.69000244140625,347.2300109863281,343.2099914550781,43692900,343.2099914550781,2021-09-22,FB,Facebook,0,376.6072,324.5400085449219
1030.0,4201,4201,1632403800,349.6700134277344,343.0,345.3599853515625,345.9599914550781,21806300,345.9599914550781,2021-09-23,FB,Facebook,0,372.49728,328.5299987792969
1031.0,4202,4202,1632490200,354.3500061035156,342.3699951171875,343.239990234375,352.9599914550781,18801900,352.9599914550781,2021-09-24,FB,Facebook,0,368.54514,324.760009765625
1032.0,4203,4203,1632749400,355.1499938964844,347.0799865722656,349.8099975585937,353.5799865722656,15205800,353.5799865722656,2021-09-27,FB,Facebook,0,365.1688,335.3399963378906
1033.0,4204,4204,1632835800,349.6000061035156,338.9200134277344,347.9700012207031,340.6499938964844,21710300,340.6499938964844,2021-09-28,FB,Facebook,0,361.86456,339.989990234375
1034.0,4205,4205,1632922200,345.2300109863281,338.8800048828125,343.1499938964844,339.6099853515625,14452200,339.6099853515625,2021-09-29,FB,Facebook,0,358.64655,340.7799987792969
1035.0,4206,4206,1633008600,342.79998779296875,338.1499938964844,340.45001220703125,339.3900146484375,16547100,339.3900146484375,2021-09-30,FB,Facebook,0,355.60162,341.8800048828125
1036.0,4207,4207,1633095000,345.0199890136719,338.6400146484375,341.6099853515625,343.010009765625,14905300,343.010009765625,2021-10-01,FB,Facebook,0,353.03693,324.6099853515625
1037.0,4208,4208,1633354200,335.94000244140625,322.70001220703125,335.5299987792969,326.2300109863281,42885000,326.2300109863281,2021-10-04,FB,Facebook,0,350.1505,328.69000244140625
1038.0,4209,4209,1633440600,335.17999267578125,326.1600036621094,328.5799865722656,332.9599914550781,35377900,332.9599914550781,2021-10-05,FB,Facebook,0,347.28406,315.8099975585937
1039.0,4210,4210,1633527000,334.3800048828125,325.79998779296875,329.739990234375,333.6400146484375,26443000,333.6400146484375,2021-10-06,FB,Facebook,0,344.66913,312.2200012207031
1040.0,4211,4211,1633613400,338.8399963378906,328.9800109863281,337.0,329.2200012207031,28307500,329.2200012207031,2021-10-07,FB,Facebook,0,342.44492,316.9200134277344
1041.0,4212,4212,1633699800,333.3999938964844,328.7099914550781,331.510009765625,330.04998779296875,15934300,330.04998779296875,2021-10-08,FB,Facebook,0,340.50632,323.5700073242188
